POSTE;DATE;RR1;QRR1;DRR1;QDRR1;HNEIGEF;QHNEIGEF;NEIGETOT;QNEIGETOT;T;QT;TD;QTD;TN;QTN;HTN;QHTN;TX;QTX;HTX;QHTX;DG;QDG;T10;QT10;T20;QT20;T50;QT50;T100;QT100;TNSOL;QTNSOL;TN50;QTN50;TCHAUSSEE;QTCHAUSSEE;TW;QTW;PSTAT;QPSTAT;PMER;QPMER;GEOP;QGEOP;PMERMIN;QPMERMIN;FF;QFF;DD;QDD;FXI;QFXI;DXI;QDXI;HXI;QHXI;FXY;QFXY;DXY;QDXY;HXY;QHXY;FF2;QFF2;DD2;QDD2;FXI2;QFXI2;DXI2;QDXI2;HXI2;QHXI2;FXI3S;QFXI3S;DXI3S;QDXI3S;HXI3S;QHXI3S;U;QU;UN;QUN;HUN;QHUN;UX;QUX;HUX;QHUX;UABS;QUABS;DHUMI40;QDHUMI40;DHUMI80;QDHUMI80;DHUMEC;QDHUMEC;TSV;QTSV;ENTH;QENTH;INS;QINS;GLO;QGLO;DIR;QDIR;DIF;QDIF;GLO2;QGLO2;UV;QUV;INFRAR;QINFRAR;UV_INDICE;QUV_INDICE;N;QN;NBAS;QNBAS;CL;QCL;CM;QCM;CH;QCH;N1;QN1;C1;QC1;B1;QB1;N2;QN2;C2;QC2;B2;QB2;N3;QN3;B3;QB3;C3;QC3;N4;QN4;C4;QC4;B4;QB4;WW;QWW;VV;QVV;DVV200;QDVV200;W1;QW1;W2;QW2;SOL;QSOL;SOLNG;QSOLNG;TSNEIGE;QTSNEIGE;TUBENEIGE;QTUBENEIGE;ESNEIGE;QESNEIGE;HNEIGEFI3;QHNEIGEFI3;HNEIGEFI1;QHNEIGEFI1;TMER;QTMER;VVMER;QVVMER;ETATMER;QETATMER;DIRHOULE;QDIRHOULE;TLAGON;QTLAGON;UV2;QUV2;INS2;QINS2;INFRAR2;QINFRAR2;DIR2;QDIR2;DIF2;QDIF2
34154001;2018112901;0,0;1;0;9;;;;;6,2;1;4,5;9;6,0;1;11;9;6,5;1;1;9;0;9;8,9;9;9,9;9;12,0;9;15,2;9;3,8;9;4,9;9;7,5;9;5,5;9;1021,6;1;1022,6;1;;;1022,5;1;2,0;1;20;1;2,7;1;10;1;47;9;2,1;1;350;1;1;9;;;;;;;;;;;2,7;1;10;1;100;9;89;1;86;1;1;9;89;1;20;9;6,5;9;0;9;60;9;;;8,4;9;19,4;1;0;9;0;9;;;;;0,0;9;;;;;;;8;9;8;9;;;;;;;8;9;;;7080;9;;;;;;;;;;;;;;;;;;;0;9;18228;9;0;9;;;;;;;;;;;;;;;;;;;;;;;;;;;;;;;0;9;;;;;;
34154001;2018112902;0,0;1;0;9;;;;;6,9;1;5,0;9;6,2;1;101;9;6,9;1;200;9;0;9;8,9;9;9,9;9;12,0;9;15,2;9;3,6;9;4,9;9;7,5;9;6,1;9;1021,6;1;1022,6;1;;;1022,5;1;2,9;1;20;1;3,6;1;20;1;156;9;2,9;1;20;1;157;9;;;;;;;;;;;3,5;1;20;1;156;9;88;1;88;1;151;9;90;1;111;9;6,7;9;0;9;60;9;;;8,7;9;20,6;1;0;9;0;9;;;;;0,0;9;;;;;;;8;9;8;9;;;;;;;8;9;;;6480;9;;;;;;;;;;;;;;;;;;;0;9;34438;9;0;9;;;;;;;;;;;;;;;;;;;;;;;;;;;;;;;0;9;;;;;;
34154001;2018112903;0,0;1;0;9;;;;;6,1;1;4,3;9;6,1;1;241;9;6,8;1;201;9;0;9;8,9;9;9,8;9;12,0;9;15,2;9;4,6;9;5,3;9;7,3;9;5,3;9;1021,3;1;1022,3;1;;;1022,3;1;3,1;1;20;1;5,2;1;30;1;229;9;3,3;1;20;1;244;9;;;;;;;;;;;5,1;1;30;1;229;9;88;1;87;1;207;9;88;1;201;9;6,4;9;0;9;60;9;;;8,3;9;19,0;1;0;9;0;9;;;;;0,0;9;;;;;;;;;0;9;;;;;;;;;;;7800;9;;;;;;;;;;;;;;;;;;;0;9;33973;9;0;9;;;;;;;;;;;;;;;;;;;;;;;;;;;;;;;0;9;;;;;;
34154001;2018112904;0,0;1;0;9;;;;;6,0;1;4,3;9;5,9;1;357;9;6,3;1;314;9;0;9;8,9;9;9,8;9;12,0;9;15,1;9;4,5;9;5,1;9;7,2;9;5,3;9;1021,2;1;1022,2;1;;;1022,0;1;3,4;1;10;1;4,6;1;20;1;336;9;3,6;1;20;1;339;9;;;;;;;;;;;4,5;1;20;1;336;9;89;1;87;1;318;9;89;1;359;9;6,4;9;0;9;60;9;;;8,3;9;19,0;1;0;9;0;9;;;;;0,0;9;;;;;;;;;0;9;;;;;;;;;;;7800;9;;;;;;;;;;;;;;;;;;;0;9;35795;9;0;9;;;;;;;;;;;;;;;;;;;;;;;;;;;;;;;0;9;;;;;;
34154001;2018112905;0,0;1;0;9;;;;;6,0;1;4,1;9;5,8;1;413;9;6,1;1;450;9;0;9;8,8;9;9,7;9;12,0;9;15,1;9;4,2;9;4,8;9;7,1;9;5,2;9;1021,2;1;1022,2;1;;;1022,2;1;2,8;1;20;1;4,8;1;10;1;441;9;3,7;1;10;1;428;9;;;;;;;;;;;4,7;1;10;1;441;9;88;1;88;1;402;9;89;1;401;9;6,4;9;0;9;60;9;;;8,2;9;18,8;1;0;9;0;9;;;;;0,0;9;;;;;;;;;0;9;;;;;;;;;;;7800;9;;;;;;;;;;;;;;;;;;;0;9;33575;9;0;9;;;;;;;;;;;;;;;;;;;;;;;;;;;;;;;0;9;;;;;;
34154001;2018112906;0,0;1;0;9;;;0;9;5,9;1;4,1;9;5,7;1;516;9;6,2;1;532;9;0;9;8,7;9;9,7;9;12,0;9;15,1;9;4,5;9;5,0;9;7,0;9;5,1;9;1021,5;1;1022,5;1;;;1022,2;1;2,8;1;10;1;5,2;1;20;1;530;9;3,4;1;20;1;530;9;;;;;;;;;;;5,0;1;20;1;530;9;88;1;87;1;533;9;88;1;501;9;6,4;9;0;9;60;9;;;8,2;9;18,6;1;0;9;0;9;;;;;0,0;9;;;;;;;;;2;9;;;;;;;2;9;;;840;9;;;;;;;;;;;;;;;;;;;0;9;37643;9;0;9;;;;;;;;;;;;;;;;;;;;;;;;;;;;;;;0;9;;;;;;
34154001;2018112907;0,0;1;0;9;;;;;6,4;1;4,3;9;5,9;1;601;9;6,5;1;659;9;0;9;8,7;9;9,6;9;12,0;9;15,1;9;4,6;9;5,1;9;7,0;9;5,5;9;1021,8;1;1022,8;1;;;1022,5;1;2,9;1;20;1;4,6;1;20;1;627;9;3,4;1;20;1;633;9;;;;;;;;;;;4,5;1;20;1;627;9;86;1;86;1;633;9;88;1;601;9;6,4;9;0;9;60;9;;;8,3;9;19,3;1;0;9;0;9;;;;;0,0;9;;;;;;;;;1;9;;;;;;;1;9;;;930;9;;;;;;;;;;;;;;;;;;;0;9;37686;9;0;9;;;;;;;;;;;;;;;;;;;;;;;;;;;;;;;0;9;;;;;;
34154001;2018112908;0,0;1;0;9;;;;;7,2;1;5,0;9;6,4;1;701;9;7,2;1;800;9;0;9;8,7;9;9,6;9;12,0;9;15,1;9;5,2;9;5,8;9;7,1;9;6,2;9;1022,0;1;1023,0;1;;;1022,6;1;2,9;1;20;1;4,1;1;20;1;728;9;3,2;1;20;1;744;9;;;;;;;;;;;4,0;1;20;1;728;9;86;1;86;1;701;9;87;1;722;9;6,7;9;0;9;60;9;;;8,7;9;20,8;1;21;9;15;9;;;;;5,0;9;;;;;;;;;0;9;;;;;;;;;;;7800;9;;;;;;;;;;;;;;;;;;;0;9;19459;9;0;9;;;;;;;;;;;;;;;;;;;;;;;;;;;;;;;13;9;;;;;;
34154001;2018112909;0,0;1;0;9;;;;;8,9;1;5,8;9;7,2;1;801;9;8,9;1;900;9;0;9;8,8;9;9,6;9;12,0;9;15,1;9;7,0;9;7,6;9;7,5;9;7,5;9;1022,0;1;1023,0;1;;;1022,9;1;3,2;1;30;1;5,2;1;40;1;838;9;3,4;1;40;1;841;9;;;;;;;;;;;4,9;1;40;1;838;9;81;1;81;1;836;9;86;1;801;9;7,1;9;0;9;60;9;;;9,2;9;23,4;1;3;9;41;9;;;;;29,0;9;;;;;;;;;0;9;;;;;;;;;;;7800;9;;;;;;;;;;;;;;;;;;;0;9;51510;9;0;9;;;;;;;;;;;;;;;;;;;;;;;;;;;;;;;11;9;;;;;;
34154001;2018112910;0,0;1;0;9;;;;;10,6;1;5,8;9;8,9;1;901;9;10,6;1;1000;9;0;9;9,0;9;9,6;9;11,9;9;15,1;9;9,7;9;10,2;9;8,3;9;8,4;9;1022,1;1;1023,1;1;;;1022,8;1;4,3;1;40;1;5,6;1;40;1;954;9;4,3;1;40;1;1000;9;;;;;;;;;;;5,5;1;40;1;956;9;72;1;71;1;958;9;80;1;901;9;7,0;9;0;9;5;9;;;9,2;9;25,0;1;11;9;67;9;;;;;52,0;9;;;;;;;;;0;9;;;;;;;;;;;7800;9;;;;;;;;;;;;;;;;;;;0;9;55533;9;0;9;;;;;;;;;;;;;;;;;;;;;;;;;;;;;;;0;9;;;;;;
34154001;2018112911;0,0;1;0;9;;;;;12,6;1;6,7;9;10,7;1;1001;9;12,8;1;1057;9;0;9;9,4;9;9,7;9;11,9;9;15,1;9;12,4;9;13,0;9;9,0;9;9,8;9;1021,3;1;1022,3;1;;;1022,3;1;3,5;1;60;1;5,1;1;40;1;1003;9;4,3;1;40;1;1001;9;;;;;;;;;;;4,9;1;40;1;1010;9;67;1;66;1;1040;9;73;1;1001;9;7,4;9;0;9;0;9;;;9,8;9;28,0;1;48;9;116;9;;;;;94,0;9;;;;;;;;;2;9;;;;;;;2;9;;;1110;9;;;;;;;;;;;;;;;;;;;0;9;48982;9;0;9;;;;;;;;;;;;;;;;;;;;;;;;;;;;;;;37;9;;;;;;
34154001;2018112912;0,0;1;0;9;;;;;12,9;1;6,7;9;12,7;1;1103;9;13,5;1;1121;9;0;9;9,8;9;9,8;9;11,9;9;15,1;9;13,2;9;13,4;9;10,3;9;9,9;9;1020,3;1;1021,3;1;;;1021,3;1;3,5;1;60;1;4,9;1;60;1;1101;9;3,9;1;70;1;1153;9;;;;;;;;;;;4,8;1;60;1;1150;9;66;1;65;1;1117;9;68;1;1106;9;7,4;9;0;9;0;9;;;9,8;9;28,3;1;26;9;103;9;;;;;119,0;9;;;;;;;;;2;9;;;;;;;1;9;;;1110;9;;;;;;;;;;;;;;;;;;;0;9;45851;9;0;9;;;;;;;;;;;;;;;;;;;;;;;;;;;;;;;42;9;;;;;;
34154001;2018112913;0,0;1;0;9;;;;;13,7;1;7,8;9;13,0;1;1201;9;13,9;1;1237;9;0;9;10,0;9;10,0;9;11,9;9;15,1;9;13,3;9;13,8;9;10,5;9;10,8;9;1019,6;1;1020,6;1;;;1020,6;1;3,1;1;60;1;6,1;1;60;1;1221;9;4,4;1;70;1;1226;9;;;;;;;;;;;5,8;1;60;1;1221;9;68;1;65;1;1201;9;68;1;1228;9;8,0;9;0;9;0;9;;;10,6;9;30,5;1;24;9;87;9;;;;;92,0;9;;;;;;;6;9;6;9;;;;;;;6;9;;;1050;9;6;9;;;1260;9;;;;;;;;;;;;;0;9;54517;9;0;9;;;;;;;;;;;;;;;;;;;;;;;;;;;;;;;21;9;;;;;;
34154001;2018112914;0,0;1;0;9;;;;;14,4;1;8,5;9;13,8;1;1301;9;14,8;1;1339;9;0;9;10,3;9;10,2;9;11,9;9;15,1;9;13,7;9;14,4;9;10,9;9;11,4;9;1019,5;1;1020,5;1;;;1020,4;1;2,9;1;100;1;5,3;1;70;1;1343;9;3,5;1;60;1;1307;9;;;;;;;;;;;5,0;1;70;1;1343;9;68;1;67;1;1349;9;70;1;1324;9;8,4;9;0;9;0;9;;;11,1;9;32,0;1;2;9;49;9;;;;;62,0;9;;;;;;;8;9;8;9;;;;;;;7;9;;;1050;9;8;9;;;1320;9;;;;;;;;;;;;;0;9;19796;9;0;9;;;;;;;;;;;;;;;;;;;;;;;;;;;;;;;8;9;;;;;;
34154001;2018112915;0,0;1;0;9;;;;;14,2;1;8,1;9;13,9;1;1402;9;15,7;1;1428;9;0;9;10,6;9;10,4;9;11,9;9;15,0;9;13,5;9;14,1;9;11,3;9;11,1;9;1019,3;1;1020,3;1;;;1020,0;1;5,6;1;150;1;8,3;1;150;1;1433;9;6,2;1;150;1;1435;9;;;;;;;;;;;8,1;1;150;1;1433;9;67;1;63;1;1423;9;69;1;1402;9;8,1;9;0;9;0;9;;;10,8;9;31,3;1;19;9;47;9;;;;;56,0;9;;;;;;;7;9;7;9;;;;;;;3;9;;;990;9;7;9;;;1380;9;;;;;;;;;;;;;0;9;58766;9;0;9;;;;;;;;;;;;;;;;;;;;;;;;;;;;;;;18;9;;;;;;
34154001;2018112916;0,0;1;0;9;;;;;14,2;1;7,7;9;14,0;1;1547;9;14,4;1;1508;9;0;9;10,7;9;10,5;9;11,9;9;15,0;9;13,0;9;13,7;9;11,0;9;11,0;9;1019,1;1;1020,1;1;;;1020,1;1;7,1;1;140;1;8,7;1;140;1;1554;9;7,2;1;140;1;1558;9;;;;;;;;;;;8,4;1;140;1;1553;9;65;1;65;1;1527;9;68;1;1541;9;7,9;9;0;9;0;9;;;10,5;9;30,8;1;4;9;11;9;;;;;20,0;9;;;;;;;6;9;6;9;;;;;;;2;9;;;990;9;6;9;;;1440;9;;;;;;;;;;;;;0;9;60000;9;0;9;;;;;;;;;;;;;;;;;;;;;;;;;;;;;;;3;9;;;;;;
34154001;2018112917;0,0;1;0;9;;;;;14,0;1;8,0;9;13,5;1;1650;9;14,3;1;1604;9;0;9;10,7;9;10,6;9;11,9;9;15,0;9;12,1;9;12,8;9;10,7;9;11,0;9;1018,9;1;1019,9;1;;;1019,9;1;5,7;1;130;1;8,1;1;140;1;1606;9;7,0;1;140;1;1601;9;;;;;;;;;;;7,9;1;140;1;1610;9;67;1;65;1;1601;9;69;1;1643;9;8,1;9;0;9;0;9;;;10,7;9;30,9;1;0;9;0;9;;;;;3,0;9;;;;;;;;;5;9;;;;;;;1;9;;;90;9;3;9;;;1020;9;5;9;1410;9;;;;;;;;;0;9;60000;9;0;9;;;;;;;;;;;;;;;;;;;;;;;;;;;;;;;4;9;;;;;;
34154001;2018112918;0,0;1;0;9;;;;;10,5;1;7,0;9;10,5;1;1800;9;14,0;1;1701;9;0;9;10,7;9;10,7;9;11,9;9;15,0;9;8,7;9;9,4;9;10,2;9;8,8;9;1019,1;1;1020,1;1;;;1019,9;1;2,8;1;50;1;6,8;1;140;1;1701;9;5,7;1;130;1;1701;9;;;;;;;;;;;6,6;1;140;1;1710;9;79;1;66;1;1702;9;79;1;1742;9;7,6;9;0;9;0;9;;;10,0;9;26,2;1;0;9;0;9;;;;;0,0;9;;;;;;;6;9;6;9;;;;;;;5;9;;;960;9;6;9;;;1380;9;;;;;;;;;;;;;0;9;55451;9;0;9;;;;;;;;;;;;;;;;;;;;;;;;;;;;;;;0;9;;;;;;
34154001;2018112919;0,0;1;0;9;;;;;11,3;1;8,1;9;10,8;1;1801;9;11,5;1;1856;9;0;9;10,6;9;10,7;9;11,9;9;15,0;9;8,8;9;9,6;9;10,1;9;9,7;9;1018,7;1;1019,7;1;;;1019,5;1;3,4;1;60;1;5,3;1;60;1;1823;9;3,9;1;60;1;1830;9;;;;;;;;;;;5,0;1;60;1;1823;9;81;1;80;1;1801;9;82;1;1852;9;8,2;9;0;9;60;9;;;10,8;9;28,3;1;0;9;0;9;;;;;0,0;9;;;;;;;8;9;8;9;;;;;;;7;9;;;930;9;7;9;;;1110;9;8;9;1290;9;;;;;;;;;0;9;46531;9;0;9;;;;;;;;;;;;;;;;;;;;;;;;;;;;;;;0;9;;;;;;
34154001;2018112920;0,0;1;0;9;;;;;10,3;1;8,3;9;10,0;1;1942;9;11,3;1;1901;9;0;9;10,5;9;10,7;9;11,9;9;15,0;9;8,5;9;9,0;9;9,9;9;9,3;9;1018,6;1;1019,6;1;;;1019,5;1;3,6;1;50;1;5,5;1;50;1;1905;9;3,8;1;40;1;1942;9;;;;;;;;;;;5,0;1;50;1;1910;9;87;1;81;1;1901;9;87;1;1953;9;8,3;9;0;9;60;9;;;10,9;9;27,4;1;0;9;0;9;;;;;0,0;9;;;;;;;6;9;6;9;;;;;;;5;9;;;900;9;6;9;;;1200;9;;;;;;;;;;;;;0;9;48581;9;0;9;;;;;;;;;;;;;;;;;;;;;;;;;;;;;;;0;9;;;;;;
34154001;2018112921;0,0;1;0;9;;;;;11,0;1;7,1;9;10,4;1;2001;9;11,1;1;2057;9;0;9;10,4;9;10,7;9;11,9;9;15,0;9;9,7;9;10,0;9;9,9;9;9,1;9;1018,5;1;1019,5;1;;;1019,4;1;4,5;1;70;1;5,8;1;70;1;2100;9;4,5;1;70;1;2058;9;;;;;;;;;;;5,6;1;70;1;2100;9;77;1;77;1;2056;9;87;1;2001;9;7,7;9;0;9;33;9;;;10,1;9;26,9;1;0;9;0;9;;;;;0,0;9;;;;;;;8;9;7;9;;;;;;;7;9;;;840;9;7;9;;;1230;9;8;9;6240;9;;;;;;;;;0;9;45237;9;0;9;;;;;;;;;;;;;;;;;;;;;;;;;;;;;;;0;9;;;;;;
34154001;2018112922;0,0;1;0;9;;;;;10,3;1;6,7;9;10,3;1;2142;9;11,0;1;2101;9;0;9;10,4;9;10,7;9;11,9;9;15,0;9;9,3;9;9,7;9;9,6;9;8,6;9;1018,3;1;1019,3;1;;;1019,3;1;4,9;1;60;1;6,7;1;80;1;2107;9;5,3;1;70;1;2114;9;;;;;;;;;;;6,5;1;80;1;2110;9;78;1;76;1;2104;9;78;1;2124;9;7,5;9;0;9;0;9;;;9,8;9;25,6;1;0;9;0;9;;;;;0,0;9;;;;;;;8;9;8;9;;;;;;;8;9;;;6180;9;;;;;;;;;;;;;;;;;;;0;9;42832;9;0;9;;;;;;;;;;;;;;;;;;;;;;;;;;;;;;;0;9;;;;;;
34154001;2018112923;0,0;1;0;9;;;;;10,3;1;6,8;9;9,9;1;2219;9;10,5;1;2248;9;0;9;10,3;9;10,7;9;11,9;9;15,0;9;8,9;9;9,3;9;9,4;9;8,7;9;1018,1;1;1019,1;1;;;1019,1;1;4,2;1;50;1;6,6;1;60;1;2204;9;5,2;1;60;1;2231;9;;;;;;;;;;;6,4;1;60;1;2229;9;79;1;78;1;2201;9;80;1;2221;9;7,6;9;0;9;21;9;;;9,9;9;25,8;1;0;9;0;9;;;;;0,0;9;;;;;;;8;9;3;9;;;;;;;2;9;;;810;9;3;9;;;1290;9;6;9;1800;9;;;;;;;;;0;9;46012;9;0;9;;;;;;;;;;;;;;;;;;;;;;;;;;;;;;;0;9;;;;;;
34154001;2018113000;0,0;1;0;9;;;;;10,6;1;7,1;9;10,4;1;2301;9;10,7;1;2347;9;0;9;10,3;9;10,7;9;12,0;9;15,0;9;9,8;9;10,0;9;9,6;9;8,9;9;1017,6;1;1018,6;1;;;1018,6;1;4,6;1;50;1;7,2;1;60;1;2313;9;4,9;1;60;1;2314;9;;;;;;;;;;;6,7;1;60;1;2313;9;79;1;78;1;2308;9;79;1;2301;9;7,7;9;0;9;0;9;;;10,1;9;26,4;1;0;9;0;9;;;;;0,0;9;;;;;;;8;9;4;9;;;;;;;4;9;;;750;9;7;9;;;1800;9;8;9;5820;9;;;;;;;;;0;9;45882;9;0;9;;;;;;;;;;;;;;;;;;;;;;;;;;;;;;;0;9;;;;;;
34154001;2018113001;0,0;1;0;9;;;;;10,6;1;7,0;9;10,5;1;14;9;10,7;1;19;9;0;9;10,3;9;10,6;9;12,0;9;15,0;9;10,0;9;10,3;9;9,7;9;8,9;9;1016,5;1;1017,5;1;;;1017,5;1;5,6;1;70;1;7,9;1;70;1;57;9;5,6;1;70;1;100;9;;;;;;;;;;;7,3;1;70;1;53;9;78;1;77;1;49;9;79;1;1;9;7,6;9;0;9;0;9;;;10,0;9;26,2;1;0;9;0;9;;;;;0,0;9;;;;;;;8;9;2;9;;;;;;;1;9;;;240;9;3;9;;;1560;9;8;9;1980;9;;;;;;;;;0;9;57109;9;0;9;;;;;;;;;;;;;;;;;;;;;;;;;;;;;;;0;9;;;;;;
